id,course,name,intro,introformat,timeopen,timeclose,timelimit,overduehandling,graceperiod,preferredbehavior,canredoquestions,attempts,attemptonlast,grademethod,decimalpoints,questiondecimalpoints,reviewattempt,reviewcorrectness,reviewremarks,reviewspecificfeedback,reviewgeneralfeedback,reviewrightanswer,reviewoverallfeedback,questionsperpage,navmethod,shuffleanswers,sumgrades,grade,timecreated,timemodified,password,subnet,browsersecurity,delay1,delay2,showuserpicture,showblocks,completionattemptsexhausted,completionminattempts,allowofflineattempts
2f14cba4-1582-45ee-9527-867842a8c4d7,A41A4D8CF7CD4CCCABA4FE5FC3CE21BF,Art Appreciation Quiz 1,Art Appreciation Quiz 1 posted for Art Appreciation 102,0,2022-01-13T00:00:00.000Z,2022-01-14T00:00:00.000Z,0,autoabandon,0,,0,1,0,3,0,0,0,0,0,0,0,0,0,20,free,1,100,100,2022-01-11T14:00:00.000Z,2022-01-13T00:00:00.000Z,,,securewindow,120,120,0,0,0,0,0
667a8585-5735-4d45-8c1e-6155cf3e2c4c,A41A4D8CF7CD4CCCABA4FE5FC3CE21BF,Art Appreciation Quiz 2,Art Appreciation Quiz 2 posted for Art Appreciation 102,0,2022-01-05T00:00:00.000Z,2022-01-06T00:00:00.000Z,0,autoabandon,0,,0,2,0,3,0,0,0,0,0,0,0,0,0,20,free,1,100,100,2022-01-03T14:00:00.000Z,2022-01-05T00:00:00.000Z,,,securewindow,120,120,0,0,0,0,0
1f0cfa9c-8114-4298-bf4f-a47f0e6f10bf,A41A4D8CF7CD4CCCABA4FE5FC3CE21BF,Art Appreciation Quiz 3,Art Appreciation Quiz 3 posted for Art Appreciation 102,0,2022-01-27T00:00:00.000Z,2022-01-28T00:00:00.000Z,0,autoabandon,0,,0,3,0,3,0,0,0,0,0,0,0,0,0,20,free,1,100,100,2022-01-25T16:00:00.000Z,2022-01-27T00:00:00.000Z,,,securewindow,120,120,0,0,0,0,0
53f5d9f5-1dad-4ceb-b0f6-8adb56e9c901,7EA3285A7DFB4C2389A12D00CE77BDF9,Intro to Digital Art Quiz 1,Intro to Digital Art Quiz 1 posted for Intro to Digital Art 207,0,2022-01-11T00:00:00.000Z,2022-01-12T00:00:00.000Z,0,autoabandon,0,,0,1,0,1,0,0,0,0,0,0,0,0,0,20,free,1,100,100,2022-01-09T15:00:00.000Z,2022-01-11T00:00:00.000Z,,,securewindow,120,120,0,0,0,0,0
78b5b58f-65db-4c60-b579-5a6f10a78d87,7EA3285A7DFB4C2389A12D00CE77BDF9,Intro to Digital Art Quiz 2,Intro to Digital Art Quiz 2 posted for Intro to Digital Art 207,0,2022-01-19T00:00:00.000Z,2022-01-20T00:00:00.000Z,0,autoabandon,0,,0,2,0,1,0,0,0,0,0,0,0,0,0,20,free,1,100,100,2022-01-17T15:00:00.000Z,2022-01-19T00:00:00.000Z,,,securewindow,120,120,0,0,0,0,0
8070dcad-2fd1-4412-bbc3-ead99d8ab62b,7EA3285A7DFB4C2389A12D00CE77BDF9,Intro to Digital Art Quiz 3,Intro to Digital Art Quiz 3 posted for Intro to Digital Art 207,0,2022-01-20T00:00:00.000Z,2022-01-21T00:00:00.000Z,0,autoabandon,0,,0,1,0,1,0,0,0,0,0,0,0,0,0,20,free,1,100,100,2022-01-18T14:00:00.000Z,2022-01-20T00:00:00.000Z,,,securewindow,120,120,0,0,0,0,0
b626b6be-1f4a-4162-b210-dadc941249de,92C670E8E11A47888A574BE6D6300042,Ceramics Quiz 1,Ceramics Quiz 1 posted for Ceramics 213,0,2022-01-24T00:00:00.000Z,2022-01-25T00:00:00.000Z,0,autoabandon,0,,0,1,0,1,0,0,0,0,0,0,0,0,0,20,free,1,100,100,2022-01-22T13:00:00.000Z,2022-01-24T00:00:00.000Z,,,securewindow,120,120,0,0,0,0,0
5f5c8f35-be80-4ae0-827b-082e62b96af1,92C670E8E11A47888A574BE6D6300042,Ceramics Quiz 2,Ceramics Quiz 2 posted for Ceramics 213,0,2022-01-14T00:00:00.000Z,2022-01-15T00:00:00.000Z,0,autoabandon,0,,0,2,0,1,0,0,0,0,0,0,0,0,0,20,free,1,100,100,2022-01-12T14:00:00.000Z,2022-01-14T00:00:00.000Z,,,securewindow,120,120,0,0,0,0,0
41aca0c9-5730-4452-b701-90a865ff9a8f,AD1204DE0EE14ECB97A62A03310E1FA5,Intro to Sculpture Quiz 1,Intro to Sculpture Quiz 1 posted for Intro to Sculpture 214,0,2022-01-22T00:00:00.000Z,2022-01-23T00:00:00.000Z,0,autoabandon,0,,0,3,0,1,0,0,0,0,0,0,0,0,0,20,free,1,100,100,2022-01-20T14:00:00.000Z,2022-01-22T00:00:00.000Z,,,securewindow,120,120,0,0,0,0,0
b122a3bf-1b61-4a08-ad22-a7166669bc59,AD1204DE0EE14ECB97A62A03310E1FA5,Intro to Sculpture Quiz 2,Intro to Sculpture Quiz 2 posted for Intro to Sculpture 214,0,2022-01-04T00:00:00.000Z,2022-01-05T00:00:00.000Z,0,autoabandon,0,,0,3,0,1,0,0,0,0,0,0,0,0,0,20,free,1,100,100,2022-01-02T15:00:00.000Z,2022-01-04T00:00:00.000Z,,,securewindow,120,120,0,0,0,0,0
0b1e8026-5532-4e31-8237-be59b6ae95dd,6F6FBD3F724F4CB8AE2F090B37BB729A,Intro to Ceramics Quiz 1,Intro to Ceramics Quiz 1 posted for Intro to Ceramics 216,0,2022-01-15T00:00:00.000Z,2022-01-16T00:00:00.000Z,0,autoabandon,0,,0,3,0,3,0,0,0,0,0,0,0,0,0,20,free,1,100,100,2022-01-13T12:00:00.000Z,2022-01-15T00:00:00.000Z,,,securewindow,120,120,0,0,0,0,0
7128c433-3b95-46b6-aa5c-56b431df56f6,6F6FBD3F724F4CB8AE2F090B37BB729A,Intro to Ceramics Quiz 2,Intro to Ceramics Quiz 2 posted for Intro to Ceramics 216,0,2022-01-12T00:00:00.000Z,2022-01-13T00:00:00.000Z,0,autoabandon,0,,0,1,0,3,0,0,0,0,0,0,0,0,0,20,free,1,100,100,2022-01-10T14:00:00.000Z,2022-01-12T00:00:00.000Z,,,securewindow,120,120,0,0,0,0,0
8b2257f5-8826-4496-997e-74ce292f7c8a,FCAE13D8ADD94DB8B1BD65E4607B7DE0,Intro to Metalsmithing Quiz 1,Intro to Metalsmithing Quiz 1 posted for Intro to Metalsmithing 221,0,2022-01-18T00:00:00.000Z,2022-01-19T00:00:00.000Z,0,autoabandon,0,,0,1,0,1,0,0,0,0,0,0,0,0,0,20,free,1,100,100,2022-01-16T15:00:00.000Z,2022-01-18T00:00:00.000Z,,,securewindow,120,120,0,0,0,0,0
6fac78bf-13ed-45de-b256-83f5ce041fc5,FCAE13D8ADD94DB8B1BD65E4607B7DE0,Intro to Metalsmithing Quiz 2,Intro to Metalsmithing Quiz 2 posted for Intro to Metalsmithing 221,0,2022-01-09T00:00:00.000Z,2022-01-10T00:00:00.000Z,0,autoabandon,0,,0,2,0,1,0,0,0,0,0,0,0,0,0,20,free,1,100,100,2022-01-07T14:00:00.000Z,2022-01-09T00:00:00.000Z,,,securewindow,120,120,0,0,0,0,0
0bfd3b06-352e-41a3-bf49-497c1c6dd6da,49A1942FADD6402DB745870761477CAF,Intro to Blacksmithing Quiz 1,Intro to Blacksmithing Quiz 1 posted for Intro to Blacksmithing 223,0,2022-01-11T00:00:00.000Z,2022-01-12T00:00:00.000Z,0,autoabandon,0,,0,1,0,3,0,0,0,0,0,0,0,0,0,20,free,1,100,100,2022-01-09T12:00:00.000Z,2022-01-11T00:00:00.000Z,,,securewindow,120,120,0,0,0,0,0
c95f7b4d-fba8-4342-9c51-4f492abc9091,49A1942FADD6402DB745870761477CAF,Intro to Blacksmithing Quiz 2,Intro to Blacksmithing Quiz 2 posted for Intro to Blacksmithing 223,0,2022-01-17T00:00:00.000Z,2022-01-18T00:00:00.000Z,0,autoabandon,0,,0,2,0,3,0,0,0,0,0,0,0,0,0,20,free,1,100,100,2022-01-15T12:00:00.000Z,2022-01-17T00:00:00.000Z,,,securewindow,120,120,0,0,0,0,0
e938da15-2658-401a-8f83-19adb07b8f7e,D75473554303430AADBC77748F20E4E9,Drawing Quiz 1,Drawing Quiz 1 posted for Drawing 262,0,2022-01-22T00:00:00.000Z,2022-01-23T00:00:00.000Z,0,autoabandon,0,,0,3,0,0,0,0,0,0,0,0,0,0,0,20,free,1,100,100,2022-01-20T14:00:00.000Z,2022-01-22T00:00:00.000Z,,,securewindow,120,120,0,0,0,0,0
f4252cbd-4bc9-4baf-ab23-64b39fc85b45,D75473554303430AADBC77748F20E4E9,Drawing Quiz 2,Drawing Quiz 2 posted for Drawing 262,0,2022-01-14T00:00:00.000Z,2022-01-15T00:00:00.000Z,0,autoabandon,0,,0,3,0,0,0,0,0,0,0,0,0,0,0,20,free,1,100,100,2022-01-12T13:00:00.000Z,2022-01-14T00:00:00.000Z,,,securewindow,120,120,0,0,0,0,0
93f20960-2a18-48bd-a2f4-9e83aa8d015a,508D26EBA720459FB44FA6C910832522,Photography and Imaging Quiz 1,Photography and Imaging Quiz 1 posted for Photography and Imaging 272,0,2022-01-21T00:00:00.000Z,2022-01-22T00:00:00.000Z,0,autoabandon,0,,0,1,0,0,0,0,0,0,0,0,0,0,0,20,free,1,100,100,2022-01-19T14:00:00.000Z,2022-01-21T00:00:00.000Z,,,securewindow,120,120,0,0,0,0,0
50f142f3-a78c-4bce-a86c-f90cb32508c7,508D26EBA720459FB44FA6C910832522,Photography and Imaging Quiz 2,Photography and Imaging Quiz 2 posted for Photography and Imaging 272,0,2022-01-18T00:00:00.000Z,2022-01-19T00:00:00.000Z,0,autoabandon,0,,0,3,0,0,0,0,0,0,0,0,0,0,0,20,free,1,100,100,2022-01-16T12:00:00.000Z,2022-01-18T00:00:00.000Z,,,securewindow,120,120,0,0,0,0,0
708347a6-2592-4a82-97a7-aa01f3ce26b7,508D26EBA720459FB44FA6C910832522,Photography and Imaging Quiz 3,Photography and Imaging Quiz 3 posted for Photography and Imaging 272,0,2022-01-19T00:00:00.000Z,2022-01-20T00:00:00.000Z,0,autoabandon,0,,0,1,0,0,0,0,0,0,0,0,0,0,0,20,free,1,100,100,2022-01-17T16:00:00.000Z,2022-01-19T00:00:00.000Z,,,securewindow,120,120,0,0,0,0,0
ff408045-10da-4dd3-b6d3-db68e36caf82,518053972F9E417990607B6F95279906,World Art Quiz 1,World Art Quiz 1 posted for World Art 301,0,2022-01-08T00:00:00.000Z,2022-01-09T00:00:00.000Z,0,autoabandon,0,,0,2,0,3,0,0,0,0,0,0,0,0,0,20,free,1,100,100,2022-01-06T13:00:00.000Z,2022-01-08T00:00:00.000Z,,,securewindow,120,120,0,0,0,0,0
ad9d59d5-0944-4c69-a711-83d826ad0286,518053972F9E417990607B6F95279906,World Art Quiz 2,World Art Quiz 2 posted for World Art 301,0,2022-01-16T00:00:00.000Z,2022-01-17T00:00:00.000Z,0,autoabandon,0,,0,2,0,3,0,0,0,0,0,0,0,0,0,20,free,1,100,100,2022-01-14T16:00:00.000Z,2022-01-16T00:00:00.000Z,,,securewindow,120,120,0,0,0,0,0
ca7dcaf9-6c51-4f5d-9325-34a626544b6d,518053972F9E417990607B6F95279906,World Art Quiz 3,World Art Quiz 3 posted for World Art 301,0,2022-01-05T00:00:00.000Z,2022-01-06T00:00:00.000Z,0,autoabandon,0,,0,1,0,3,0,0,0,0,0,0,0,0,0,20,free,1,100,100,2022-01-03T16:00:00.000Z,2022-01-05T00:00:00.000Z,,,securewindow,120,120,0,0,0,0,0
fa5dc808-da5a-4c91-840d-59dd8cfff1c3,F9A6820A57E542CBA302680BB6BD2B22,Practice of Art Theraphy Quiz 1,Practice of Art Theraphy Quiz 1 posted for Practice of Art Theraphy 350,0,2022-01-17T00:00:00.000Z,2022-01-18T00:00:00.000Z,0,autoabandon,0,,0,3,0,0,0,0,0,0,0,0,0,0,0,20,free,1,100,100,2022-01-15T14:00:00.000Z,2022-01-17T00:00:00.000Z,,,securewindow,120,120,0,0,0,0,0
54446507-b00e-4ef3-83ff-a8cb8a749c88,F9A6820A57E542CBA302680BB6BD2B22,Practice of Art Theraphy Quiz 2,Practice of Art Theraphy Quiz 2 posted for Practice of Art Theraphy 350,0,2022-01-24T00:00:00.000Z,2022-01-25T00:00:00.000Z,0,autoabandon,0,,0,2,0,0,0,0,0,0,0,0,0,0,0,20,free,1,100,100,2022-01-22T16:00:00.000Z,2022-01-24T00:00:00.000Z,,,securewindow,120,120,0,0,0,0,0
57b48dcf-86ed-4af5-93e3-d86f49bbaaa5,F9A6820A57E542CBA302680BB6BD2B22,Practice of Art Theraphy Quiz 3,Practice of Art Theraphy Quiz 3 posted for Practice of Art Theraphy 350,0,2022-01-24T00:00:00.000Z,2022-01-25T00:00:00.000Z,0,autoabandon,0,,0,3,0,0,0,0,0,0,0,0,0,0,0,20,free,1,100,100,2022-01-22T12:00:00.000Z,2022-01-24T00:00:00.000Z,,,securewindow,120,120,0,0,0,0,0
a282d146-4168-43ad-a337-ee9a0277d43f,90A1DB4399014520B10AC7FBCC8A165C,Documentary Strategies Quiz 1,Documentary Strategies Quiz 1 posted for Documentary Strategies 373,0,2022-01-20T00:00:00.000Z,2022-01-21T00:00:00.000Z,0,autoabandon,0,,0,3,0,0,0,0,0,0,0,0,0,0,0,20,free,1,100,100,2022-01-18T14:00:00.000Z,2022-01-20T00:00:00.000Z,,,securewindow,120,120,0,0,0,0,0
3b4b6063-0644-4319-aba7-421ef0407826,F1F03A18392E40818B01E55D19C26700,Portraiture in Photography Quiz 1,Portraiture in Photography Quiz 1 posted for Portraiture in Photography 376,0,2022-01-11T00:00:00.000Z,2022-01-12T00:00:00.000Z,0,autoabandon,0,,0,1,0,1,0,0,0,0,0,0,0,0,0,20,free,1,100,100,2022-01-09T13:00:00.000Z,2022-01-11T00:00:00.000Z,,,securewindow,120,120,0,0,0,0,0
601bfbae-4a11-4f6f-970e-0fbf635b8a23,25E91551DD0F4EB69FA10ABF1CE740B7,Methods in Art Education Quiz 1,Methods in Art Education Quiz 1 posted for Methods in Art Education 401,0,2022-01-25T00:00:00.000Z,2022-01-26T00:00:00.000Z,0,autoabandon,0,,0,2,0,3,0,0,0,0,0,0,0,0,0,20,free,1,100,100,2022-01-23T16:00:00.000Z,2022-01-25T00:00:00.000Z,,,securewindow,120,120,0,0,0,0,0
c2c1065c-76df-4fc2-9619-f346b07e22e2,25E91551DD0F4EB69FA10ABF1CE740B7,Methods in Art Education Quiz 2,Methods in Art Education Quiz 2 posted for Methods in Art Education 401,0,2022-01-26T00:00:00.000Z,2022-01-27T00:00:00.000Z,0,autoabandon,0,,0,3,0,3,0,0,0,0,0,0,0,0,0,20,free,1,100,100,2022-01-24T14:00:00.000Z,2022-01-26T00:00:00.000Z,,,securewindow,120,120,0,0,0,0,0
b5f27211-f4c2-4d14-8d32-0c774588a06c,25E91551DD0F4EB69FA10ABF1CE740B7,Methods in Art Education Quiz 3,Methods in Art Education Quiz 3 posted for Methods in Art Education 401,0,2022-01-04T00:00:00.000Z,2022-01-05T00:00:00.000Z,0,autoabandon,0,,0,2,0,3,0,0,0,0,0,0,0,0,0,20,free,1,100,100,2022-01-02T14:00:00.000Z,2022-01-04T00:00:00.000Z,,,securewindow,120,120,0,0,0,0,0
ed84769a-d72a-48a1-b7a8-b6cda35bad70,7D851C14FFA244CF909340AC7863BAC3,Art Seminar Quiz 1,Art Seminar Quiz 1 posted for Art Seminar 415,0,2022-01-05T00:00:00.000Z,2022-01-06T00:00:00.000Z,0,autoabandon,0,,0,1,0,1,0,0,0,0,0,0,0,0,0,20,free,1,100,100,2022-01-03T15:00:00.000Z,2022-01-05T00:00:00.000Z,,,securewindow,120,120,0,0,0,0,0
1a4e346f-572c-41f2-8061-689269d8563f,7D851C14FFA244CF909340AC7863BAC3,Art Seminar Quiz 2,Art Seminar Quiz 2 posted for Art Seminar 415,0,2022-01-14T00:00:00.000Z,2022-01-15T00:00:00.000Z,0,autoabandon,0,,0,3,0,1,0,0,0,0,0,0,0,0,0,20,free,1,100,100,2022-01-12T14:00:00.000Z,2022-01-14T00:00:00.000Z,,,securewindow,120,120,0,0,0,0,0
d0c1916d-3a50-4f5d-b060-f976477620b4,030733285E7943CE86189E39C88A04D6,Business Communication Quiz 1,Business Communication Quiz 1 posted for Business Communication 301,0,2022-01-10T00:00:00.000Z,2022-01-11T00:00:00.000Z,0,autoabandon,0,,0,1,0,0,0,0,0,0,0,0,0,0,0,20,free,1,100,100,2022-01-08T12:00:00.000Z,2022-01-10T00:00:00.000Z,,,securewindow,120,120,0,0,0,0,0
ed306bbe-fb0c-4dfd-aa35-4908681d49c1,BEB8D1707FEB453A85B387A9C474F08F,Organizational Behavior Quiz 1,Organizational Behavior Quiz 1 posted for Organizational Behavior 308,0,2022-01-06T00:00:00.000Z,2022-01-07T00:00:00.000Z,0,autoabandon,0,,0,3,0,0,0,0,0,0,0,0,0,0,0,20,free,1,100,100,2022-01-04T13:00:00.000Z,2022-01-06T00:00:00.000Z,,,securewindow,120,120,0,0,0,0,0
e6debaf0-6748-4624-9593-341a7a506f37,BEB8D1707FEB453A85B387A9C474F08F,Organizational Behavior Quiz 2,Organizational Behavior Quiz 2 posted for Organizational Behavior 308,0,2022-01-04T00:00:00.000Z,2022-01-05T00:00:00.000Z,0,autoabandon,0,,0,1,0,0,0,0,0,0,0,0,0,0,0,20,free,1,100,100,2022-01-02T13:00:00.000Z,2022-01-04T00:00:00.000Z,,,securewindow,120,120,0,0,0,0,0
811c356e-88c9-4b4d-ad0b-c81bee8d84d3,7510AF2BAFE14181BE9ED11FBBE569AB,Principles of Sustainable Business Quiz 1,Principles of Sustainable Business Quiz 1 posted for Principles of Sustainable Business 310,0,2022-01-04T00:00:00.000Z,2022-01-05T00:00:00.000Z,0,autoabandon,0,,0,2,0,0,0,0,0,0,0,0,0,0,0,20,free,1,100,100,2022-01-02T13:00:00.000Z,2022-01-04T00:00:00.000Z,,,securewindow,120,120,0,0,0,0,0
be891515-736e-40d7-aee7-31fba6b290dc,7510AF2BAFE14181BE9ED11FBBE569AB,Principles of Sustainable Business Quiz 2,Principles of Sustainable Business Quiz 2 posted for Principles of Sustainable Business 310,0,2022-01-27T00:00:00.000Z,2022-01-28T00:00:00.000Z,0,autoabandon,0,,0,2,0,0,0,0,0,0,0,0,0,0,0,20,free,1,100,100,2022-01-25T13:00:00.000Z,2022-01-27T00:00:00.000Z,,,securewindow,120,120,0,0,0,0,0
5657a179-aa7d-41ea-b6d3-ab21638266c4,8F93CDB9FB7740899247AE8EE1B647AE,International Management Quiz 1,International Management Quiz 1 posted for International Management 360,0,2022-01-19T00:00:00.000Z,2022-01-20T00:00:00.000Z,0,autoabandon,0,,0,2,0,3,0,0,0,0,0,0,0,0,0,20,free,1,100,100,2022-01-17T15:00:00.000Z,2022-01-19T00:00:00.000Z,,,securewindow,120,120,0,0,0,0,0
b60b6919-678e-4146-a791-bd2fb4666d9b,3DC76BEF0A674B14A3416A751E6614AD,Human Resource Management Quiz 1,Human Resource Management Quiz 1 posted for Human Resource Management 385,0,2022-01-13T00:00:00.000Z,2022-01-14T00:00:00.000Z,0,autoabandon,0,,0,3,0,3,0,0,0,0,0,0,0,0,0,20,free,1,100,100,2022-01-11T12:00:00.000Z,2022-01-13T00:00:00.000Z,,,securewindow,120,120,0,0,0,0,0
08efe3e8-6d78-4409-8597-54980b7b55b4,3DC76BEF0A674B14A3416A751E6614AD,Human Resource Management Quiz 2,Human Resource Management Quiz 2 posted for Human Resource Management 385,0,2022-01-11T00:00:00.000Z,2022-01-12T00:00:00.000Z,0,autoabandon,0,,0,1,0,3,0,0,0,0,0,0,0,0,0,20,free,1,100,100,2022-01-09T14:00:00.000Z,2022-01-11T00:00:00.000Z,,,securewindow,120,120,0,0,0,0,0
b92de580-298d-4b8f-b4d1-9cf1f8841a87,3DC76BEF0A674B14A3416A751E6614AD,Human Resource Management Quiz 3,Human Resource Management Quiz 3 posted for Human Resource Management 385,0,2022-01-06T00:00:00.000Z,2022-01-07T00:00:00.000Z,0,autoabandon,0,,0,2,0,3,0,0,0,0,0,0,0,0,0,20,free,1,100,100,2022-01-04T16:00:00.000Z,2022-01-06T00:00:00.000Z,,,securewindow,120,120,0,0,0,0,0
16a00b02-a875-4720-a7e1-95c52331332b,F7163B9D8FB64D1F828028906A69CD98,Compensation and Benefits Admin Quiz 1,Compensation and Benefits Admin Quiz 1 posted for Compensation and Benefits Admin 386,0,2022-01-26T00:00:00.000Z,2022-01-27T00:00:00.000Z,0,autoabandon,0,,0,3,0,1,0,0,0,0,0,0,0,0,0,20,free,1,100,100,2022-01-24T13:00:00.000Z,2022-01-26T00:00:00.000Z,,,securewindow,120,120,0,0,0,0,0
acba0032-fc01-465c-abc5-5fbe70001393,2A16BC7D7F0D4B90822FEB162FFFA3BF,Production and Operations Management Quiz 1,Production and Operations Management Quiz 1 posted for Production and Operations Management 393,0,2022-01-10T00:00:00.000Z,2022-01-11T00:00:00.000Z,0,autoabandon,0,,0,1,0,0,0,0,0,0,0,0,0,0,0,20,free,1,100,100,2022-01-08T15:00:00.000Z,2022-01-10T00:00:00.000Z,,,securewindow,120,120,0,0,0,0,0
590571b9-31bc-4bba-83a3-37edf6121b3d,AACE248D43BE4595AEEED5A95FA70ED2,Project Management Quiz 1,Project Management Quiz 1 posted for Project Management 399,0,2022-01-12T00:00:00.000Z,2022-01-13T00:00:00.000Z,0,autoabandon,0,,0,2,0,0,0,0,0,0,0,0,0,0,0,20,free,1,100,100,2022-01-10T13:00:00.000Z,2022-01-12T00:00:00.000Z,,,securewindow,120,120,0,0,0,0,0
90b4cfbd-ae9d-4730-b4e9-3cea41c1a41a,EEFC922BA6B543A28FECDEC638E07EE0,Healthcare Analytics Management Quiz 1,Healthcare Analytics Management Quiz 1 posted for Healthcare Analytics Management 402,0,2022-01-17T00:00:00.000Z,2022-01-18T00:00:00.000Z,0,autoabandon,0,,0,2,0,3,0,0,0,0,0,0,0,0,0,20,free,1,100,100,2022-01-15T12:00:00.000Z,2022-01-17T00:00:00.000Z,,,securewindow,120,120,0,0,0,0,0
86eaa7db-566c-457b-aad9-d91567542b1d,C6BFFB2D75F5425EAA743F666C89702B,Leadership and Team Development Quiz 1,Leadership and Team Development Quiz 1 posted for Leadership and Team Development 412,0,2022-01-08T00:00:00.000Z,2022-01-09T00:00:00.000Z,0,autoabandon,0,,0,1,0,1,0,0,0,0,0,0,0,0,0,20,free,1,100,100,2022-01-06T14:00:00.000Z,2022-01-08T00:00:00.000Z,,,securewindow,120,120,0,0,0,0,0
a536a54d-9d63-47f8-96fe-10091ad9d905,C6BFFB2D75F5425EAA743F666C89702B,Leadership and Team Development Quiz 2,Leadership and Team Development Quiz 2 posted for Leadership and Team Development 412,0,2022-01-13T00:00:00.000Z,2022-01-14T00:00:00.000Z,0,autoabandon,0,,0,1,0,1,0,0,0,0,0,0,0,0,0,20,free,1,100,100,2022-01-11T13:00:00.000Z,2022-01-13T00:00:00.000Z,,,securewindow,120,120,0,0,0,0,0
c01adc8a-ec47-4278-a935-938bd6f34ecf,C6BFFB2D75F5425EAA743F666C89702B,Leadership and Team Development Quiz 3,Leadership and Team Development Quiz 3 posted for Leadership and Team Development 412,0,2022-01-24T00:00:00.000Z,2022-01-25T00:00:00.000Z,0,autoabandon,0,,0,3,0,1,0,0,0,0,0,0,0,0,0,20,free,1,100,100,2022-01-22T16:00:00.000Z,2022-01-24T00:00:00.000Z,,,securewindow,120,120,0,0,0,0,0
db15a1e6-3763-4a96-8661-6423110bf9b6,4394AC06CD484BCF97BA17DE0076B2A2,Entrepreneurship Quiz 1,Entrepreneurship Quiz 1 posted for Entrepreneurship 420,0,2022-01-04T00:00:00.000Z,2022-01-05T00:00:00.000Z,0,autoabandon,0,,0,1,0,3,0,0,0,0,0,0,0,0,0,20,free,1,100,100,2022-01-02T13:00:00.000Z,2022-01-04T00:00:00.000Z,,,securewindow,120,120,0,0,0,0,0
35775417-b23a-45b3-9118-db2d8abedc1e,4394AC06CD484BCF97BA17DE0076B2A2,Entrepreneurship Quiz 2,Entrepreneurship Quiz 2 posted for Entrepreneurship 420,0,2022-01-14T00:00:00.000Z,2022-01-15T00:00:00.000Z,0,autoabandon,0,,0,2,0,3,0,0,0,0,0,0,0,0,0,20,free,1,100,100,2022-01-12T12:00:00.000Z,2022-01-14T00:00:00.000Z,,,securewindow,120,120,0,0,0,0,0
7e063ad0-5be5-4815-9ccf-07a7d07621b0,4394AC06CD484BCF97BA17DE0076B2A2,Entrepreneurship Quiz 3,Entrepreneurship Quiz 3 posted for Entrepreneurship 420,0,2022-01-13T00:00:00.000Z,2022-01-14T00:00:00.000Z,0,autoabandon,0,,0,2,0,3,0,0,0,0,0,0,0,0,0,20,free,1,100,100,2022-01-11T15:00:00.000Z,2022-01-13T00:00:00.000Z,,,securewindow,120,120,0,0,0,0,0
47d49d3f-9b66-498a-8f99-362e45f10db4,D8991C4D1D924B97998B81B4804A3A72,Social Entrepreneurship Quiz 1,Social Entrepreneurship Quiz 1 posted for Social Entrepreneurship 422,0,2022-01-17T00:00:00.000Z,2022-01-18T00:00:00.000Z,0,autoabandon,0,,0,3,0,3,0,0,0,0,0,0,0,0,0,20,free,1,100,100,2022-01-15T12:00:00.000Z,2022-01-17T00:00:00.000Z,,,securewindow,120,120,0,0,0,0,0
c3b89ec7-a85c-4347-8c71-532f42e0bd30,D8991C4D1D924B97998B81B4804A3A72,Social Entrepreneurship Quiz 2,Social Entrepreneurship Quiz 2 posted for Social Entrepreneurship 422,0,2022-01-21T00:00:00.000Z,2022-01-22T00:00:00.000Z,0,autoabandon,0,,0,1,0,3,0,0,0,0,0,0,0,0,0,20,free,1,100,100,2022-01-19T14:00:00.000Z,2022-01-21T00:00:00.000Z,,,securewindow,120,120,0,0,0,0,0
94a0ba0d-5146-4f47-bf1a-4421e7d130b6,49589E18A4734BB182FEFE0F8B8D6962,Cross-Cultural Management Quiz 1,Cross-Cultural Management Quiz 1 posted for Cross-Cultural Management 430,0,2022-01-14T00:00:00.000Z,2022-01-15T00:00:00.000Z,0,autoabandon,0,,0,3,0,0,0,0,0,0,0,0,0,0,0,20,free,1,100,100,2022-01-12T15:00:00.000Z,2022-01-14T00:00:00.000Z,,,securewindow,120,120,0,0,0,0,0
fb653f7f-cdef-4b1f-924f-f2ce83381f1e,49589E18A4734BB182FEFE0F8B8D6962,Cross-Cultural Management Quiz 2,Cross-Cultural Management Quiz 2 posted for Cross-Cultural Management 430,0,2022-01-13T00:00:00.000Z,2022-01-14T00:00:00.000Z,0,autoabandon,0,,0,2,0,0,0,0,0,0,0,0,0,0,0,20,free,1,100,100,2022-01-11T12:00:00.000Z,2022-01-13T00:00:00.000Z,,,securewindow,120,120,0,0,0,0,0
5278f4cb-e368-4a83-a7df-c33ad6484dde,49589E18A4734BB182FEFE0F8B8D6962,Cross-Cultural Management Quiz 3,Cross-Cultural Management Quiz 3 posted for Cross-Cultural Management 430,0,2022-01-08T00:00:00.000Z,2022-01-09T00:00:00.000Z,0,autoabandon,0,,0,1,0,0,0,0,0,0,0,0,0,0,0,20,free,1,100,100,2022-01-06T14:00:00.000Z,2022-01-08T00:00:00.000Z,,,securewindow,120,120,0,0,0,0,0
26b7cf0c-aaac-43c8-83bf-309adcbd3d71,A520F654FBCC4CCEBACEC63D2333D771,Business Labor and Human Rights Quiz 1,Business Labor and Human Rights Quiz 1 posted for Business Labor and Human Rights 431,0,2022-01-14T00:00:00.000Z,2022-01-15T00:00:00.000Z,0,autoabandon,0,,0,3,0,3,0,0,0,0,0,0,0,0,0,20,free,1,100,100,2022-01-12T13:00:00.000Z,2022-01-14T00:00:00.000Z,,,securewindow,120,120,0,0,0,0,0
1ceb8af4-6b86-49f8-a6d4-066c8fe3bef2,1D636A19738249C59B08BB8D41E240F9,Employee Training and Development Quiz 1,Employee Training and Development Quiz 1 posted for Employee Training and Development 483,0,2022-01-19T00:00:00.000Z,2022-01-20T00:00:00.000Z,0,autoabandon,0,,0,2,0,1,0,0,0,0,0,0,0,0,0,20,free,1,100,100,2022-01-17T13:00:00.000Z,2022-01-19T00:00:00.000Z,,,securewindow,120,120,0,0,0,0,0
1714dab4-163f-4277-b93c-281e6e714c49,1D636A19738249C59B08BB8D41E240F9,Employee Training and Development Quiz 2,Employee Training and Development Quiz 2 posted for Employee Training and Development 483,0,2022-01-11T00:00:00.000Z,2022-01-12T00:00:00.000Z,0,autoabandon,0,,0,2,0,1,0,0,0,0,0,0,0,0,0,20,free,1,100,100,2022-01-09T13:00:00.000Z,2022-01-11T00:00:00.000Z,,,securewindow,120,120,0,0,0,0,0
f8240b48-f479-4825-bb1d-60d688689f3a,1D636A19738249C59B08BB8D41E240F9,Employee Training and Development Quiz 3,Employee Training and Development Quiz 3 posted for Employee Training and Development 483,0,2022-01-26T00:00:00.000Z,2022-01-27T00:00:00.000Z,0,autoabandon,0,,0,3,0,1,0,0,0,0,0,0,0,0,0,20,free,1,100,100,2022-01-24T15:00:00.000Z,2022-01-26T00:00:00.000Z,,,securewindow,120,120,0,0,0,0,0
9cef88fb-a224-4854-a6ac-052f8f98048c,57A93AA78A6F492287C15F30F238BE1D,Collective Bargaining Quiz 1,Collective Bargaining Quiz 1 posted for Collective Bargaining 485,0,2022-01-17T00:00:00.000Z,2022-01-18T00:00:00.000Z,0,autoabandon,0,,0,1,0,3,0,0,0,0,0,0,0,0,0,20,free,1,100,100,2022-01-15T13:00:00.000Z,2022-01-17T00:00:00.000Z,,,securewindow,120,120,0,0,0,0,0
3cde803a-10a2-4b10-89f0-de0b9277d8d1,57A93AA78A6F492287C15F30F238BE1D,Collective Bargaining Quiz 2,Collective Bargaining Quiz 2 posted for Collective Bargaining 485,0,2022-01-19T00:00:00.000Z,2022-01-20T00:00:00.000Z,0,autoabandon,0,,0,3,0,3,0,0,0,0,0,0,0,0,0,20,free,1,100,100,2022-01-17T13:00:00.000Z,2022-01-19T00:00:00.000Z,,,securewindow,120,120,0,0,0,0,0
5bc6e984-12c2-4ed5-b156-53be13851849,57A93AA78A6F492287C15F30F238BE1D,Collective Bargaining Quiz 3,Collective Bargaining Quiz 3 posted for Collective Bargaining 485,0,2022-01-03T00:00:00.000Z,2022-01-04T00:00:00.000Z,0,autoabandon,0,,0,3,0,3,0,0,0,0,0,0,0,0,0,20,free,1,100,100,2022-01-01T16:00:00.000Z,2022-01-03T00:00:00.000Z,,,securewindow,120,120,0,0,0,0,0
f425cf6e-98ad-4f07-b55b-38149681296f,B6E4ABF9F1CA41A6A5317AFB4BDCACB4,Global Supply Chain Management Quiz 1,Global Supply Chain Management Quiz 1 posted for Global Supply Chain Management 492,0,2022-01-07T00:00:00.000Z,2022-01-08T00:00:00.000Z,0,autoabandon,0,,0,3,0,3,0,0,0,0,0,0,0,0,0,20,free,1,100,100,2022-01-05T15:00:00.000Z,2022-01-07T00:00:00.000Z,,,securewindow,120,120,0,0,0,0,0
ed72049d-f026-4e50-af26-bfd0b23e2c73,B6E4ABF9F1CA41A6A5317AFB4BDCACB4,Global Supply Chain Management Quiz 2,Global Supply Chain Management Quiz 2 posted for Global Supply Chain Management 492,0,2022-01-24T00:00:00.000Z,2022-01-25T00:00:00.000Z,0,autoabandon,0,,0,1,0,3,0,0,0,0,0,0,0,0,0,20,free,1,100,100,2022-01-22T13:00:00.000Z,2022-01-24T00:00:00.000Z,,,securewindow,120,120,0,0,0,0,0
643dc417-0bd9-40c3-99f7-af71085d2aee,B6E4ABF9F1CA41A6A5317AFB4BDCACB4,Global Supply Chain Management Quiz 3,Global Supply Chain Management Quiz 3 posted for Global Supply Chain Management 492,0,2022-01-20T00:00:00.000Z,2022-01-21T00:00:00.000Z,0,autoabandon,0,,0,2,0,3,0,0,0,0,0,0,0,0,0,20,free,1,100,100,2022-01-18T13:00:00.000Z,2022-01-20T00:00:00.000Z,,,securewindow,120,120,0,0,0,0,0
1e22a526-e4ca-4899-add3-4a67dae88eba,3C97C00264E84D34BC36231432D26D08,Green Operations Management Quiz 1,Green Operations Management Quiz 1 posted for Green Operations Management 493,0,2022-01-17T00:00:00.000Z,2022-01-18T00:00:00.000Z,0,autoabandon,0,,0,2,0,1,0,0,0,0,0,0,0,0,0,20,free,1,100,100,2022-01-15T16:00:00.000Z,2022-01-17T00:00:00.000Z,,,securewindow,120,120,0,0,0,0,0
8bc4d950-f334-4bc1-a03c-c40c071eba9e,DBBD9A73B355472188EC58D66BDFF9C0,Digital Logic Quiz 1,Digital Logic Quiz 1 posted for Digital Logic 212,0,2022-01-19T00:00:00.000Z,2022-01-20T00:00:00.000Z,0,autoabandon,0,,0,1,0,0,0,0,0,0,0,0,0,0,0,20,free,1,100,100,2022-01-17T13:00:00.000Z,2022-01-19T00:00:00.000Z,,,securewindow,120,120,0,0,0,0,0
a0e227ed-f9b1-45c3-a3d2-ff632fb13518,7F9AE60E119947A587F733734913F561,Intro to Control Systems Quiz 1,Intro to Control Systems Quiz 1 posted for Intro to Control Systems 302,0,2022-01-24T00:00:00.000Z,2022-01-25T00:00:00.000Z,0,autoabandon,0,,0,3,0,3,0,0,0,0,0,0,0,0,0,20,free,1,100,100,2022-01-22T14:00:00.000Z,2022-01-24T00:00:00.000Z,,,securewindow,120,120,0,0,0,0,0
3fc4f786-220a-44a1-97d8-5fd8b8811652,7F9AE60E119947A587F733734913F561,Intro to Control Systems Quiz 2,Intro to Control Systems Quiz 2 posted for Intro to Control Systems 302,0,2022-01-07T00:00:00.000Z,2022-01-08T00:00:00.000Z,0,autoabandon,0,,0,3,0,3,0,0,0,0,0,0,0,0,0,20,free,1,100,100,2022-01-05T14:00:00.000Z,2022-01-07T00:00:00.000Z,,,securewindow,120,120,0,0,0,0,0
681a449b-ecbb-4f7e-89cf-2e447c8c3b0c,7F9AE60E119947A587F733734913F561,Intro to Control Systems Quiz 3,Intro to Control Systems Quiz 3 posted for Intro to Control Systems 302,0,2022-01-20T00:00:00.000Z,2022-01-21T00:00:00.000Z,0,autoabandon,0,,0,2,0,3,0,0,0,0,0,0,0,0,0,20,free,1,100,100,2022-01-18T16:00:00.000Z,2022-01-20T00:00:00.000Z,,,securewindow,120,120,0,0,0,0,0
d906f222-f8c3-4c3f-b3dd-298d3d0da883,B3890CDB0D9148C78770334E44F30729,Systems Development Quiz 1,Systems Development Quiz 1 posted for Systems Development 309,0,2022-01-19T00:00:00.000Z,2022-01-20T00:00:00.000Z,0,autoabandon,0,,0,3,0,0,0,0,0,0,0,0,0,0,0,20,free,1,100,100,2022-01-17T12:00:00.000Z,2022-01-19T00:00:00.000Z,,,securewindow,120,120,0,0,0,0,0
877f7920-aaa3-4a1b-b211-a15eb5229cf3,B3890CDB0D9148C78770334E44F30729,Systems Development Quiz 2,Systems Development Quiz 2 posted for Systems Development 309,0,2022-01-05T00:00:00.000Z,2022-01-06T00:00:00.000Z,0,autoabandon,0,,0,3,0,0,0,0,0,0,0,0,0,0,0,20,free,1,100,100,2022-01-03T16:00:00.000Z,2022-01-05T00:00:00.000Z,,,securewindow,120,120,0,0,0,0,0
8c1eb74e-f5e3-4110-b0fb-c733d9857cb9,1CC8AEF1B8364E2C8B1C00CEFA109248,Digital Design Quiz 1,Digital Design Quiz 1 posted for Digital Design 420,0,2022-01-26T00:00:00.000Z,2022-01-27T00:00:00.000Z,0,autoabandon,0,,0,2,0,1,0,0,0,0,0,0,0,0,0,20,free,1,100,100,2022-01-24T13:00:00.000Z,2022-01-26T00:00:00.000Z,,,securewindow,120,120,0,0,0,0,0
b07acbc4-2a3c-4618-9e86-aa7d1361398f,1CC8AEF1B8364E2C8B1C00CEFA109248,Digital Design Quiz 2,Digital Design Quiz 2 posted for Digital Design 420,0,2022-01-15T00:00:00.000Z,2022-01-16T00:00:00.000Z,0,autoabandon,0,,0,3,0,1,0,0,0,0,0,0,0,0,0,20,free,1,100,100,2022-01-13T14:00:00.000Z,2022-01-15T00:00:00.000Z,,,securewindow,120,120,0,0,0,0,0
823f2310-141d-4382-86ea-a8a29d8df04e,1AC9DCA1874A42B0915A699B7675B90F,Engineering Project Management Quiz 1,Engineering Project Management Quiz 1 posted for Engineering Project Management 483,0,2022-01-13T00:00:00.000Z,2022-01-14T00:00:00.000Z,0,autoabandon,0,,0,1,0,3,0,0,0,0,0,0,0,0,0,20,free,1,100,100,2022-01-11T14:00:00.000Z,2022-01-13T00:00:00.000Z,,,securewindow,120,120,0,0,0,0,0
ae7c5d30-64d4-4a0d-96c3-44c66c43cd8d,FAF3539D627A4E6280B60BC3C73E95E2,Intro to Computing Quiz 1,Intro to Computing Quiz 1 posted for Intro to Computing 101,0,2022-01-10T00:00:00.000Z,2022-01-11T00:00:00.000Z,0,autoabandon,0,,0,3,0,3,0,0,0,0,0,0,0,0,0,20,free,1,100,100,2022-01-08T15:00:00.000Z,2022-01-10T00:00:00.000Z,,,securewindow,120,120,0,0,0,0,0
8c7fc5d3-68d4-4491-8469-4097c9294400,FAF3539D627A4E6280B60BC3C73E95E2,Intro to Computing Quiz 2,Intro to Computing Quiz 2 posted for Intro to Computing 101,0,2022-01-11T00:00:00.000Z,2022-01-12T00:00:00.000Z,0,autoabandon,0,,0,3,0,3,0,0,0,0,0,0,0,0,0,20,free,1,100,100,2022-01-09T15:00:00.000Z,2022-01-11T00:00:00.000Z,,,securewindow,120,120,0,0,0,0,0
d8f015c9-1f62-4a06-b7d5-d6f27950a009,FAF3539D627A4E6280B60BC3C73E95E2,Intro to Computing Quiz 3,Intro to Computing Quiz 3 posted for Intro to Computing 101,0,2022-01-18T00:00:00.000Z,2022-01-19T00:00:00.000Z,0,autoabandon,0,,0,2,0,3,0,0,0,0,0,0,0,0,0,20,free,1,100,100,2022-01-16T12:00:00.000Z,2022-01-18T00:00:00.000Z,,,securewindow,120,120,0,0,0,0,0
f9c737d9-9ad1-44d3-a828-77ee51bfc108,53114219F05E4AAC877219B6D7181E7A,Software Design Quiz 1,Software Design Quiz 1 posted for Software Design 120,0,2022-01-04T00:00:00.000Z,2022-01-05T00:00:00.000Z,0,autoabandon,0,,0,3,0,0,0,0,0,0,0,0,0,0,0,20,free,1,100,100,2022-01-02T13:00:00.000Z,2022-01-04T00:00:00.000Z,,,securewindow,120,120,0,0,0,0,0
7b88af74-2a2f-4b94-8719-65caab076e31,53114219F05E4AAC877219B6D7181E7A,Software Design Quiz 2,Software Design Quiz 2 posted for Software Design 120,0,2022-01-13T00:00:00.000Z,2022-01-14T00:00:00.000Z,0,autoabandon,0,,0,1,0,0,0,0,0,0,0,0,0,0,0,20,free,1,100,100,2022-01-11T16:00:00.000Z,2022-01-13T00:00:00.000Z,,,securewindow,120,120,0,0,0,0,0
20664cb5-ea4c-4ead-90c6-1158c288cb47,D2B4723C805C42748F405FDDD94E114C,Discrete Computational Structures Quiz 1,Discrete Computational Structures Quiz 1 posted for Discrete Computational Structures 225,0,2022-01-23T00:00:00.000Z,2022-01-24T00:00:00.000Z,0,autoabandon,0,,0,3,0,1,0,0,0,0,0,0,0,0,0,20,free,1,100,100,2022-01-21T13:00:00.000Z,2022-01-23T00:00:00.000Z,,,securewindow,120,120,0,0,0,0,0
75c4e20e-74ec-4be7-8de1-8c8567fdb3b8,D2B4723C805C42748F405FDDD94E114C,Discrete Computational Structures Quiz 2,Discrete Computational Structures Quiz 2 posted for Discrete Computational Structures 225,0,2022-01-04T00:00:00.000Z,2022-01-05T00:00:00.000Z,0,autoabandon,0,,0,1,0,1,0,0,0,0,0,0,0,0,0,20,free,1,100,100,2022-01-02T12:00:00.000Z,2022-01-04T00:00:00.000Z,,,securewindow,120,120,0,0,0,0,0
28ab6d23-96cd-40a0-a524-1f1fb0a168dd,D2B4723C805C42748F405FDDD94E114C,Discrete Computational Structures Quiz 3,Discrete Computational Structures Quiz 3 posted for Discrete Computational Structures 225,0,2022-01-05T00:00:00.000Z,2022-01-06T00:00:00.000Z,0,autoabandon,0,,0,1,0,1,0,0,0,0,0,0,0,0,0,20,free,1,100,100,2022-01-03T15:00:00.000Z,2022-01-05T00:00:00.000Z,,,securewindow,120,120,0,0,0,0,0
40c6829e-08af-4d82-acec-6823661350a8,A12FDEF5617C49E380791A543353B0A2,Digital Circuit Design Quiz 1,Digital Circuit Design Quiz 1 posted for Digital Circuit Design 272,0,2022-01-14T00:00:00.000Z,2022-01-15T00:00:00.000Z,0,autoabandon,0,,0,3,0,1,0,0,0,0,0,0,0,0,0,20,free,1,100,100,2022-01-12T16:00:00.000Z,2022-01-14T00:00:00.000Z,,,securewindow,120,120,0,0,0,0,0
b89527db-a175-4266-be43-e05947266b1a,A12FDEF5617C49E380791A543353B0A2,Digital Circuit Design Quiz 2,Digital Circuit Design Quiz 2 posted for Digital Circuit Design 272,0,2022-01-23T00:00:00.000Z,2022-01-24T00:00:00.000Z,0,autoabandon,0,,0,2,0,1,0,0,0,0,0,0,0,0,0,20,free,1,100,100,2022-01-21T13:00:00.000Z,2022-01-23T00:00:00.000Z,,,securewindow,120,120,0,0,0,0,0
113a7b60-a555-41a8-bd50-fffb9fa26963,A12FDEF5617C49E380791A543353B0A2,Digital Circuit Design Quiz 3,Digital Circuit Design Quiz 3 posted for Digital Circuit Design 272,0,2022-01-10T00:00:00.000Z,2022-01-11T00:00:00.000Z,0,autoabandon,0,,0,2,0,1,0,0,0,0,0,0,0,0,0,20,free,1,100,100,2022-01-08T15:00:00.000Z,2022-01-10T00:00:00.000Z,,,securewindow,120,120,0,0,0,0,0
7c5e6171-939f-43fd-8775-f13f81d50283,03A2BF1EEE524B1CADC97E214963BB92,Abstract Data Types Quiz 1,Abstract Data Types Quiz 1 posted for Abstract Data Types 340,0,2022-01-18T00:00:00.000Z,2022-01-19T00:00:00.000Z,0,autoabandon,0,,0,2,0,1,0,0,0,0,0,0,0,0,0,20,free,1,100,100,2022-01-16T15:00:00.000Z,2022-01-18T00:00:00.000Z,,,securewindow,120,120,0,0,0,0,0
d0e8543b-4d4a-47d1-888c-7ddf83ff3f93,03A2BF1EEE524B1CADC97E214963BB92,Abstract Data Types Quiz 2,Abstract Data Types Quiz 2 posted for Abstract Data Types 340,0,2022-01-09T00:00:00.000Z,2022-01-10T00:00:00.000Z,0,autoabandon,0,,0,2,0,1,0,0,0,0,0,0,0,0,0,20,free,1,100,100,2022-01-07T16:00:00.000Z,2022-01-09T00:00:00.000Z,,,securewindow,120,120,0,0,0,0,0
1a0c648a-9abb-4395-aad2-a521587cbf37,03A2BF1EEE524B1CADC97E214963BB92,Abstract Data Types Quiz 3,Abstract Data Types Quiz 3 posted for Abstract Data Types 340,0,2022-01-05T00:00:00.000Z,2022-01-06T00:00:00.000Z,0,autoabandon,0,,0,1,0,1,0,0,0,0,0,0,0,0,0,20,free,1,100,100,2022-01-03T12:00:00.000Z,2022-01-05T00:00:00.000Z,,,securewindow,120,120,0,0,0,0,0
34d854f6-ad27-46c5-b150-fea49af59feb,ED5760AB46DC44BBAB0CF9E8F59658D5,Software Engineering Quiz 1,Software Engineering Quiz 1 posted for Software Engineering 341,0,2022-01-14T00:00:00.000Z,2022-01-15T00:00:00.000Z,0,autoabandon,0,,0,1,0,1,0,0,0,0,0,0,0,0,0,20,free,1,100,100,2022-01-12T16:00:00.000Z,2022-01-14T00:00:00.000Z,,,securewindow,120,120,0,0,0,0,0
fd07516b-6357-4625-98c4-ae73dc1a573e,ED5760AB46DC44BBAB0CF9E8F59658D5,Software Engineering Quiz 2,Software Engineering Quiz 2 posted for Software Engineering 341,0,2022-01-19T00:00:00.000Z,2022-01-20T00:00:00.000Z,0,autoabandon,0,,0,2,0,1,0,0,0,0,0,0,0,0,0,20,free,1,100,100,2022-01-17T13:00:00.000Z,2022-01-19T00:00:00.000Z,,,securewindow,120,120,0,0,0,0,0
ba2de40b-9976-476e-8126-1b7924cfff4e,ED5760AB46DC44BBAB0CF9E8F59658D5,Software Engineering Quiz 3,Software Engineering Quiz 3 posted for Software Engineering 341,0,2022-01-03T00:00:00.000Z,2022-01-04T00:00:00.000Z,0,autoabandon,0,,0,1,0,1,0,0,0,0,0,0,0,0,0,20,free,1,100,100,2022-01-01T12:00:00.000Z,2022-01-03T00:00:00.000Z,,,securewindow,120,120,0,0,0,0,0
7fbcffc7-47dc-4d7f-a597-b83a074c7827,3CFE40C9DD8246F1A6E574AA0CB2DC93,Software Testing Techniques Quiz 1,Software Testing Techniques Quiz 1 posted for Software Testing Techniques 342,0,2022-01-06T00:00:00.000Z,2022-01-07T00:00:00.000Z,0,autoabandon,0,,0,3,0,3,0,0,0,0,0,0,0,0,0,20,free,1,100,100,2022-01-04T15:00:00.000Z,2022-01-06T00:00:00.000Z,,,securewindow,120,120,0,0,0,0,0
56ac8639-30e4-4423-a708-02532cdccae6,3CFE40C9DD8246F1A6E574AA0CB2DC93,Software Testing Techniques Quiz 2,Software Testing Techniques Quiz 2 posted for Software Testing Techniques 342,0,2022-01-03T00:00:00.000Z,2022-01-04T00:00:00.000Z,0,autoabandon,0,,0,3,0,3,0,0,0,0,0,0,0,0,0,20,free,1,100,100,2022-01-01T15:00:00.000Z,2022-01-03T00:00:00.000Z,,,securewindow,120,120,0,0,0,0,0
f3597f84-2dab-4ce8-aaa0-084f20e73fb7,E5A01DE79553432FA7F86CAF28A8599B,Simulation Quiz 1,Simulation Quiz 1 posted for Simulation 351,0,2022-01-20T00:00:00.000Z,2022-01-21T00:00:00.000Z,0,autoabandon,0,,0,2,0,0,0,0,0,0,0,0,0,0,0,20,free,1,100,100,2022-01-18T16:00:00.000Z,2022-01-20T00:00:00.000Z,,,securewindow,120,120,0,0,0,0,0
258056a4-14f2-463f-bb84-103b06732f93,E5A01DE79553432FA7F86CAF28A8599B,Simulation Quiz 2,Simulation Quiz 2 posted for Simulation 351,0,2022-01-20T00:00:00.000Z,2022-01-21T00:00:00.000Z,0,autoabandon,0,,0,2,0,0,0,0,0,0,0,0,0,0,0,20,free,1,100,100,2022-01-18T13:00:00.000Z,2022-01-20T00:00:00.000Z,,,securewindow,120,120,0,0,0,0,0
3fb17f59-1f9a-4b7f-b05d-6e107af180c0,E5A01DE79553432FA7F86CAF28A8599B,Simulation Quiz 3,Simulation Quiz 3 posted for Simulation 351,0,2022-01-26T00:00:00.000Z,2022-01-27T00:00:00.000Z,0,autoabandon,0,,0,1,0,0,0,0,0,0,0,0,0,0,0,20,free,1,100,100,2022-01-24T12:00:00.000Z,2022-01-26T00:00:00.000Z,,,securewindow,120,120,0,0,0,0,0
2051b75d-a6d0-4395-ab04-7407b9f647cb,C9314F1342D740C5B8C89FB12C55DBB8,Intro to Early Childhood Education Quiz 1,Intro to Early Childhood Education Quiz 1 posted for Intro to Early Childhood Education 213,0,2022-01-22T00:00:00.000Z,2022-01-23T00:00:00.000Z,0,autoabandon,0,,0,2,0,3,0,0,0,0,0,0,0,0,0,20,free,1,100,100,2022-01-20T16:00:00.000Z,2022-01-22T00:00:00.000Z,,,securewindow,120,120,0,0,0,0,0
5c75c218-598d-42f9-97f5-65b3790fc019,C9314F1342D740C5B8C89FB12C55DBB8,Intro to Early Childhood Education Quiz 2,Intro to Early Childhood Education Quiz 2 posted for Intro to Early Childhood Education 213,0,2022-01-15T00:00:00.000Z,2022-01-16T00:00:00.000Z,0,autoabandon,0,,0,1,0,3,0,0,0,0,0,0,0,0,0,20,free,1,100,100,2022-01-13T15:00:00.000Z,2022-01-15T00:00:00.000Z,,,securewindow,120,120,0,0,0,0,0
85860f9f-58a1-4a38-ba16-b1eda8b837fb,D4EE7DB0625E4DE6B7AE26B29F297607,Child Growth and Development Quiz 1,Child Growth and Development Quiz 1 posted for Child Growth and Development 214,0,2022-01-06T00:00:00.000Z,2022-01-07T00:00:00.000Z,0,autoabandon,0,,0,3,0,3,0,0,0,0,0,0,0,0,0,20,free,1,100,100,2022-01-04T12:00:00.000Z,2022-01-06T00:00:00.000Z,,,securewindow,120,120,0,0,0,0,0
4483196c-7101-4372-ac58-7b05bd1be024,D4EE7DB0625E4DE6B7AE26B29F297607,Child Growth and Development Quiz 2,Child Growth and Development Quiz 2 posted for Child Growth and Development 214,0,2022-01-08T00:00:00.000Z,2022-01-09T00:00:00.000Z,0,autoabandon,0,,0,1,0,3,0,0,0,0,0,0,0,0,0,20,free,1,100,100,2022-01-06T13:00:00.000Z,2022-01-08T00:00:00.000Z,,,securewindow,120,120,0,0,0,0,0
f1e572e2-e83a-4443-b09d-da9abceb098f,D4EE7DB0625E4DE6B7AE26B29F297607,Child Growth and Development Quiz 3,Child Growth and Development Quiz 3 posted for Child Growth and Development 214,0,2022-01-23T00:00:00.000Z,2022-01-24T00:00:00.000Z,0,autoabandon,0,,0,2,0,3,0,0,0,0,0,0,0,0,0,20,free,1,100,100,2022-01-21T12:00:00.000Z,2022-01-23T00:00:00.000Z,,,securewindow,120,120,0,0,0,0,0
920d9647-7e30-4f3b-9b73-f8c5b1c7efe3,21A2ECF0DA464984BAA8056F9257AC03,Curriculum and Assessment Quiz 1,Curriculum and Assessment Quiz 1 posted for Curriculum and Assessment 324,0,2022-01-12T00:00:00.000Z,2022-01-13T00:00:00.000Z,0,autoabandon,0,,0,3,0,0,0,0,0,0,0,0,0,0,0,20,free,1,100,100,2022-01-10T13:00:00.000Z,2022-01-12T00:00:00.000Z,,,securewindow,120,120,0,0,0,0,0
798e149c-a3d4-4f9b-8383-18c467e316a0,21A2ECF0DA464984BAA8056F9257AC03,Curriculum and Assessment Quiz 2,Curriculum and Assessment Quiz 2 posted for Curriculum and Assessment 324,0,2022-01-19T00:00:00.000Z,2022-01-20T00:00:00.000Z,0,autoabandon,0,,0,3,0,0,0,0,0,0,0,0,0,0,0,20,free,1,100,100,2022-01-17T14:00:00.000Z,2022-01-19T00:00:00.000Z,,,securewindow,120,120,0,0,0,0,0
7d62bc64-7085-48f2-b87d-c500b0e6f8aa,21A2ECF0DA464984BAA8056F9257AC03,Curriculum and Assessment Quiz 3,Curriculum and Assessment Quiz 3 posted for Curriculum and Assessment 324,0,2022-01-10T00:00:00.000Z,2022-01-11T00:00:00.000Z,0,autoabandon,0,,0,3,0,0,0,0,0,0,0,0,0,0,0,20,free,1,100,100,2022-01-08T15:00:00.000Z,2022-01-10T00:00:00.000Z,,,securewindow,120,120,0,0,0,0,0
be3b2b19-aa24-4a9b-b163-6d74e57f758e,2234ACFD1FE44510B19607B1D31AD714,Teaching Social Studies Quiz 1,Teaching Social Studies Quiz 1 posted for Teaching Social Studies 413,0,2022-01-16T00:00:00.000Z,2022-01-17T00:00:00.000Z,0,autoabandon,0,,0,3,0,3,0,0,0,0,0,0,0,0,0,20,free,1,100,100,2022-01-14T15:00:00.000Z,2022-01-16T00:00:00.000Z,,,securewindow,120,120,0,0,0,0,0
fdb29abe-e9ec-4be4-b2a8-0022e8dfe510,2234ACFD1FE44510B19607B1D31AD714,Teaching Social Studies Quiz 2,Teaching Social Studies Quiz 2 posted for Teaching Social Studies 413,0,2022-01-12T00:00:00.000Z,2022-01-13T00:00:00.000Z,0,autoabandon,0,,0,1,0,3,0,0,0,0,0,0,0,0,0,20,free,1,100,100,2022-01-10T12:00:00.000Z,2022-01-12T00:00:00.000Z,,,securewindow,120,120,0,0,0,0,0
eb4074e9-251a-4de6-80d7-0f1ab03a1f4c,2234ACFD1FE44510B19607B1D31AD714,Teaching Social Studies Quiz 3,Teaching Social Studies Quiz 3 posted for Teaching Social Studies 413,0,2022-01-24T00:00:00.000Z,2022-01-25T00:00:00.000Z,0,autoabandon,0,,0,3,0,3,0,0,0,0,0,0,0,0,0,20,free,1,100,100,2022-01-22T14:00:00.000Z,2022-01-24T00:00:00.000Z,,,securewindow,120,120,0,0,0,0,0
e1d9bdc2-f9eb-4967-9ed9-a1fb626d2d5b,D496C7CA2D9F48488AC516ADE41E839D,Literacy Methods Quiz 1,Literacy Methods Quiz 1 posted for Literacy Methods 418,0,2022-01-05T00:00:00.000Z,2022-01-06T00:00:00.000Z,0,autoabandon,0,,0,1,0,1,0,0,0,0,0,0,0,0,0,20,free,1,100,100,2022-01-03T12:00:00.000Z,2022-01-05T00:00:00.000Z,,,securewindow,120,120,0,0,0,0,0
737ca7fc-7ee7-4531-a37c-459720505205,3B4BBA143AF041839B597DFA97CA93C5,Science Methods Quiz 1,Science Methods Quiz 1 posted for Science Methods 421,0,2022-01-12T00:00:00.000Z,2022-01-13T00:00:00.000Z,0,autoabandon,0,,0,3,0,3,0,0,0,0,0,0,0,0,0,20,free,1,100,100,2022-01-10T14:00:00.000Z,2022-01-12T00:00:00.000Z,,,securewindow,120,120,0,0,0,0,0
732c20e5-0713-4d2a-bed9-f1706638bbfe,525498CDB2494D87A529C129A592BA75,Mathematics Methods Quiz 1,Mathematics Methods Quiz 1 posted for Mathematics Methods 422,0,2022-01-22T00:00:00.000Z,2022-01-23T00:00:00.000Z,0,autoabandon,0,,0,3,0,0,0,0,0,0,0,0,0,0,0,20,free,1,100,100,2022-01-20T15:00:00.000Z,2022-01-22T00:00:00.000Z,,,securewindow,120,120,0,0,0,0,0
a76cf08e-a1c2-43ce-96cd-041822b7ab81,525498CDB2494D87A529C129A592BA75,Mathematics Methods Quiz 2,Mathematics Methods Quiz 2 posted for Mathematics Methods 422,0,2022-01-17T00:00:00.000Z,2022-01-18T00:00:00.000Z,0,autoabandon,0,,0,2,0,0,0,0,0,0,0,0,0,0,0,20,free,1,100,100,2022-01-15T13:00:00.000Z,2022-01-17T00:00:00.000Z,,,securewindow,120,120,0,0,0,0,0
378c86ab-b72c-4a95-8385-85f6940faa93,525498CDB2494D87A529C129A592BA75,Mathematics Methods Quiz 3,Mathematics Methods Quiz 3 posted for Mathematics Methods 422,0,2022-01-16T00:00:00.000Z,2022-01-17T00:00:00.000Z,0,autoabandon,0,,0,1,0,0,0,0,0,0,0,0,0,0,0,20,free,1,100,100,2022-01-14T14:00:00.000Z,2022-01-16T00:00:00.000Z,,,securewindow,120,120,0,0,0,0,0
c6669ef1-6ffd-4f5f-b445-a45fc079d110,5D129FA96C454B0387237E799D1EEF12,Field Experience Quiz 1,Field Experience Quiz 1 posted for Field Experience 425,0,2022-01-09T00:00:00.000Z,2022-01-10T00:00:00.000Z,0,autoabandon,0,,0,2,0,3,0,0,0,0,0,0,0,0,0,20,free,1,100,100,2022-01-07T14:00:00.000Z,2022-01-09T00:00:00.000Z,,,securewindow,120,120,0,0,0,0,0
5ce62552-38af-4f6a-90a0-ae54e42fa47f,78E67CD474B7442A8DA5297A09A558D8,Creative Arts and Play Quiz 1,Creative Arts and Play Quiz 1 posted for Creative Arts and Play 435,0,2022-01-17T00:00:00.000Z,2022-01-18T00:00:00.000Z,0,autoabandon,0,,0,2,0,3,0,0,0,0,0,0,0,0,0,20,free,1,100,100,2022-01-15T15:00:00.000Z,2022-01-17T00:00:00.000Z,,,securewindow,120,120,0,0,0,0,0
cdeba6c5-6955-4638-8e84-198285414f00,95AE2468EFE544689808A2C3516E6B2E,School Family and Community Partnerships Quiz 1,School Family and Community Partnerships Quiz 1 posted for School Family and Community Partnerships 460,0,2022-01-20T00:00:00.000Z,2022-01-21T00:00:00.000Z,0,autoabandon,0,,0,2,0,1,0,0,0,0,0,0,0,0,0,20,free,1,100,100,2022-01-18T13:00:00.000Z,2022-01-20T00:00:00.000Z,,,securewindow,120,120,0,0,0,0,0
46ba303c-f62c-4a0e-8a73-341feb77f271,95AE2468EFE544689808A2C3516E6B2E,School Family and Community Partnerships Quiz 2,School Family and Community Partnerships Quiz 2 posted for School Family and Community Partnerships 460,0,2022-01-22T00:00:00.000Z,2022-01-23T00:00:00.000Z,0,autoabandon,0,,0,1,0,1,0,0,0,0,0,0,0,0,0,20,free,1,100,100,2022-01-20T13:00:00.000Z,2022-01-22T00:00:00.000Z,,,securewindow,120,120,0,0,0,0,0
8846a124-38eb-4499-859d-6bc9d305129d,A7D4A05729F84E00B19FF5279BC0ACB2,Developmental Reading Quiz 1,Developmental Reading Quiz 1 posted for Developmental Reading 105,0,2022-01-05T00:00:00.000Z,2022-01-06T00:00:00.000Z,0,autoabandon,0,,0,1,0,1,0,0,0,0,0,0,0,0,0,20,free,1,100,100,2022-01-03T14:00:00.000Z,2022-01-05T00:00:00.000Z,,,securewindow,120,120,0,0,0,0,0
c50536a4-e989-4f8a-9b48-79efe684886e,3BA7BDD4577C4974A1D46F51E9EA2831,Cooperatives Quiz 1,Cooperatives Quiz 1 posted for Cooperatives 200,0,2022-01-24T00:00:00.000Z,2022-01-25T00:00:00.000Z,0,autoabandon,0,,0,2,0,1,0,0,0,0,0,0,0,0,0,20,free,1,100,100,2022-01-22T13:00:00.000Z,2022-01-24T00:00:00.000Z,,,securewindow,120,120,0,0,0,0,0
e643fa12-32c9-4307-b7b6-c14fff85e849,3BA7BDD4577C4974A1D46F51E9EA2831,Cooperatives Quiz 2,Cooperatives Quiz 2 posted for Cooperatives 200,0,2022-01-06T00:00:00.000Z,2022-01-07T00:00:00.000Z,0,autoabandon,0,,0,2,0,1,0,0,0,0,0,0,0,0,0,20,free,1,100,100,2022-01-04T15:00:00.000Z,2022-01-06T00:00:00.000Z,,,securewindow,120,120,0,0,0,0,0
97add4c4-8f62-4818-b112-977167648164,16D3783DEA504F35B66FD00178DFC2CB,Understanding Human Differences Quiz 1,Understanding Human Differences Quiz 1 posted for Understanding Human Differences 205,0,2022-01-23T00:00:00.000Z,2022-01-24T00:00:00.000Z,0,autoabandon,0,,0,3,0,3,0,0,0,0,0,0,0,0,0,20,free,1,100,100,2022-01-21T14:00:00.000Z,2022-01-23T00:00:00.000Z,,,securewindow,120,120,0,0,0,0,0
a5f45369-7c06-43c3-aa3d-3f1fccf34c9f,16D3783DEA504F35B66FD00178DFC2CB,Understanding Human Differences Quiz 2,Understanding Human Differences Quiz 2 posted for Understanding Human Differences 205,0,2022-01-12T00:00:00.000Z,2022-01-13T00:00:00.000Z,0,autoabandon,0,,0,2,0,3,0,0,0,0,0,0,0,0,0,20,free,1,100,100,2022-01-10T15:00:00.000Z,2022-01-12T00:00:00.000Z,,,securewindow,120,120,0,0,0,0,0
8ba60d7a-0ae6-479c-824f-3dc88f25c27e,95CB73976B544812B6CACDFAB76A4A7D,Communicating Effectively Quiz 1,Communicating Effectively Quiz 1 posted for Communicating Effectively 110,0,2022-01-17T00:00:00.000Z,2022-01-18T00:00:00.000Z,0,autoabandon,0,,0,3,0,0,0,0,0,0,0,0,0,0,0,20,free,1,100,100,2022-01-15T16:00:00.000Z,2022-01-17T00:00:00.000Z,,,securewindow,120,120,0,0,0,0,0
64a36a7a-1ab1-46da-a02f-6463019fedbd,95CB73976B544812B6CACDFAB76A4A7D,Communicating Effectively Quiz 2,Communicating Effectively Quiz 2 posted for Communicating Effectively 110,0,2022-01-17T00:00:00.000Z,2022-01-18T00:00:00.000Z,0,autoabandon,0,,0,1,0,0,0,0,0,0,0,0,0,0,0,20,free,1,100,100,2022-01-15T14:00:00.000Z,2022-01-17T00:00:00.000Z,,,securewindow,120,120,0,0,0,0,0
03987f8f-4be9-406a-875b-a4b8d73563e1,BE0A4AC2F0264375B4ED97DC17DD6800,Presentational Speaking Quiz 1,Presentational Speaking Quiz 1 posted for Presentational Speaking 210,0,2022-01-27T00:00:00.000Z,2022-01-28T00:00:00.000Z,0,autoabandon,0,,0,1,0,3,0,0,0,0,0,0,0,0,0,20,free,1,100,100,2022-01-25T15:00:00.000Z,2022-01-27T00:00:00.000Z,,,securewindow,120,120,0,0,0,0,0
85087f99-e496-42b9-ade0-97f959ca9af5,BE0A4AC2F0264375B4ED97DC17DD6800,Presentational Speaking Quiz 2,Presentational Speaking Quiz 2 posted for Presentational Speaking 210,0,2022-01-19T00:00:00.000Z,2022-01-20T00:00:00.000Z,0,autoabandon,0,,0,3,0,3,0,0,0,0,0,0,0,0,0,20,free,1,100,100,2022-01-17T16:00:00.000Z,2022-01-19T00:00:00.000Z,,,securewindow,120,120,0,0,0,0,0
d5cfff1c-6419-40e7-ba3e-7c13af6e423c,BE0A4AC2F0264375B4ED97DC17DD6800,Presentational Speaking Quiz 3,Presentational Speaking Quiz 3 posted for Presentational Speaking 210,0,2022-01-07T00:00:00.000Z,2022-01-08T00:00:00.000Z,0,autoabandon,0,,0,1,0,3,0,0,0,0,0,0,0,0,0,20,free,1,100,100,2022-01-05T12:00:00.000Z,2022-01-07T00:00:00.000Z,,,securewindow,120,120,0,0,0,0,0
3dfaa772-ade4-42a8-ac53-6a739b7ceba8,69F85F73C3104AFE9E0427C808E3D2CD,Professional Communication Quiz 1,Professional Communication Quiz 1 posted for Professional Communication 260,0,2022-01-04T00:00:00.000Z,2022-01-05T00:00:00.000Z,0,autoabandon,0,,0,1,0,0,0,0,0,0,0,0,0,0,0,20,free,1,100,100,2022-01-02T12:00:00.000Z,2022-01-04T00:00:00.000Z,,,securewindow,120,120,0,0,0,0,0
c4a5a750-dec9-4fcf-8408-5aff5b936a80,69F85F73C3104AFE9E0427C808E3D2CD,Professional Communication Quiz 2,Professional Communication Quiz 2 posted for Professional Communication 260,0,2022-01-07T00:00:00.000Z,2022-01-08T00:00:00.000Z,0,autoabandon,0,,0,1,0,0,0,0,0,0,0,0,0,0,0,20,free,1,100,100,2022-01-05T13:00:00.000Z,2022-01-07T00:00:00.000Z,,,securewindow,120,120,0,0,0,0,0
9e29a9f2-95e4-4c80-aef6-a9b453c7cea7,69F85F73C3104AFE9E0427C808E3D2CD,Professional Communication Quiz 3,Professional Communication Quiz 3 posted for Professional Communication 260,0,2022-01-23T00:00:00.000Z,2022-01-24T00:00:00.000Z,0,autoabandon,0,,0,3,0,0,0,0,0,0,0,0,0,0,0,20,free,1,100,100,2022-01-21T15:00:00.000Z,2022-01-23T00:00:00.000Z,,,securewindow,120,120,0,0,0,0,0
9c8eb8ae-8577-4d6c-b5ca-ba59ad77ce89,D8DDAC3FCAF04F2FAB556415E6548815,Media and Society Quiz 1,Media and Society Quiz 1 posted for Media and Society 271,0,2022-01-04T00:00:00.000Z,2022-01-05T00:00:00.000Z,0,autoabandon,0,,0,3,0,1,0,0,0,0,0,0,0,0,0,20,free,1,100,100,2022-01-02T12:00:00.000Z,2022-01-04T00:00:00.000Z,,,securewindow,120,120,0,0,0,0,0
1d0178e5-a547-41f2-abd1-e655de8493af,88C5D9EE75344355ACBFAD211D436E0A,Debate Quiz 1,Debate Quiz 1 posted for Debate 310,0,2022-01-11T00:00:00.000Z,2022-01-12T00:00:00.000Z,0,autoabandon,0,,0,1,0,3,0,0,0,0,0,0,0,0,0,20,free,1,100,100,2022-01-09T13:00:00.000Z,2022-01-11T00:00:00.000Z,,,securewindow,120,120,0,0,0,0,0
a7334882-c6dd-416b-8894-456e89a0a4e4,88C5D9EE75344355ACBFAD211D436E0A,Debate Quiz 2,Debate Quiz 2 posted for Debate 310,0,2022-01-06T00:00:00.000Z,2022-01-07T00:00:00.000Z,0,autoabandon,0,,0,3,0,3,0,0,0,0,0,0,0,0,0,20,free,1,100,100,2022-01-04T14:00:00.000Z,2022-01-06T00:00:00.000Z,,,securewindow,120,120,0,0,0,0,0
a7b4d525-34d8-4ef5-b403-6a7db7789036,C6C48F7DA7FB413AB903DF50BDA02C1D,Communication and Sport Quiz 1,Communication and Sport Quiz 1 posted for Communication and Sport 322,0,2022-01-05T00:00:00.000Z,2022-01-06T00:00:00.000Z,0,autoabandon,0,,0,2,0,3,0,0,0,0,0,0,0,0,0,20,free,1,100,100,2022-01-03T16:00:00.000Z,2022-01-05T00:00:00.000Z,,,securewindow,120,120,0,0,0,0,0
fd17dde3-f7e4-429a-a3d8-1a39c88d9e8a,F94C741BE5064831A356F30C6863C6E2,Communicating Social Support Quiz 1,Communicating Social Support Quiz 1 posted for Communicating Social Support 331,0,2022-01-07T00:00:00.000Z,2022-01-08T00:00:00.000Z,0,autoabandon,0,,0,3,0,3,0,0,0,0,0,0,0,0,0,20,free,1,100,100,2022-01-05T15:00:00.000Z,2022-01-07T00:00:00.000Z,,,securewindow,120,120,0,0,0,0,0
33d74416-7091-45e5-9c34-64b2fb3b8801,E6B970EC95E444759FEF0581FC0110B1,Intercultural Communication Quiz 1,Intercultural Communication Quiz 1 posted for Intercultural Communication 332,0,2022-01-11T00:00:00.000Z,2022-01-12T00:00:00.000Z,0,autoabandon,0,,0,1,0,3,0,0,0,0,0,0,0,0,0,20,free,1,100,100,2022-01-09T12:00:00.000Z,2022-01-11T00:00:00.000Z,,,securewindow,120,120,0,0,0,0,0
0617716b-eb6a-4907-bec6-47a03ea5d9eb,E6B970EC95E444759FEF0581FC0110B1,Intercultural Communication Quiz 2,Intercultural Communication Quiz 2 posted for Intercultural Communication 332,0,2022-01-11T00:00:00.000Z,2022-01-12T00:00:00.000Z,0,autoabandon,0,,0,2,0,3,0,0,0,0,0,0,0,0,0,20,free,1,100,100,2022-01-09T16:00:00.000Z,2022-01-11T00:00:00.000Z,,,securewindow,120,120,0,0,0,0,0
d105667a-8714-4de7-9a61-1ddc3271d7b1,7307533D0C4143469F22436EF53FDD00,Gender Communication Quiz 1,Gender Communication Quiz 1 posted for Gender Communication 334,0,2022-01-11T00:00:00.000Z,2022-01-12T00:00:00.000Z,0,autoabandon,0,,0,3,0,0,0,0,0,0,0,0,0,0,0,20,free,1,100,100,2022-01-09T13:00:00.000Z,2022-01-11T00:00:00.000Z,,,securewindow,120,120,0,0,0,0,0
06763e82-1840-45b2-9c03-1e850a13d584,4334F5A95C144FFF898B7721C0DCCFF6,Family Communication Quiz 1,Family Communication Quiz 1 posted for Family Communication 336,0,2022-01-08T00:00:00.000Z,2022-01-09T00:00:00.000Z,0,autoabandon,0,,0,3,0,3,0,0,0,0,0,0,0,0,0,20,free,1,100,100,2022-01-06T16:00:00.000Z,2022-01-08T00:00:00.000Z,,,securewindow,120,120,0,0,0,0,0
871c2eb1-0354-4327-8ec2-21883848b700,4334F5A95C144FFF898B7721C0DCCFF6,Family Communication Quiz 2,Family Communication Quiz 2 posted for Family Communication 336,0,2022-01-25T00:00:00.000Z,2022-01-26T00:00:00.000Z,0,autoabandon,0,,0,3,0,3,0,0,0,0,0,0,0,0,0,20,free,1,100,100,2022-01-23T14:00:00.000Z,2022-01-25T00:00:00.000Z,,,securewindow,120,120,0,0,0,0,0
c9baf962-797a-416d-96db-3fc94c0407f4,D527009BB12344CD9DBE54B60AE06D98,Communication and Race Quiz 1,Communication and Race Quiz 1 posted for Communication and Race 337,0,2022-01-19T00:00:00.000Z,2022-01-20T00:00:00.000Z,0,autoabandon,0,,0,3,0,0,0,0,0,0,0,0,0,0,0,20,free,1,100,100,2022-01-17T14:00:00.000Z,2022-01-19T00:00:00.000Z,,,securewindow,120,120,0,0,0,0,0
